question,answer,prediction
Was Abraham Lincoln the sixteenth President of the United States?,yes,Yes.
Did Lincoln sign the National Banking Act of 1863?,yes,Yes.
Did his mother die of pneumonia?,no,No.
How many long was Lincoln's formal education?,18 months,18 months
When did Lincoln begin his political career?,1832,1832
What did The Legal Tender Act of 1862 establish?,"the United States Note, the first paper currency in United States history","The United States Note, the first paper currency in United States history."
Who suggested Lincoln grow a beard?,11-year-old Grace Bedell,Grace Bedell
When did the Gettysburg address argue that America was born?,1776,1776
Did Lincoln beat John C. Breckinridge in the 1860 election?,yes,Yes.
Was Abraham Lincoln the first President of the United States?,No,No.
Did Lincoln start his political career in 1832?,Yes,Yes.
Did Lincoln ever represent Alton & Sangamon Railroad?,Yes,Yes.
Which county was Lincoln born in?,Hardin County,Hardin County
When did Lincoln first serve as President?,"March 4, 1861","March 4, 1861"
Who assassinated Lincoln?,John Wilkes Booth,John Wilkes Booth
Did Lincoln win the election of 1860?,Yes,Yes.
Who was the general in charge at the Battle of Antietam?,General McClellan,George McClellan
Why did Lincoln issue the Emancipation Proclamation?,To free slaves ,To weaken the rebellion and liberate slaves owned by rebels.
Do scholars rank lincoln among the top three presidents?,Yes,Yes.
Did lincoln have 18 months of schooling?,Yes,Yes.
Was Lincoln chosen as a presidential candidate in 1860?,Yes,Yes.
How old was Lincoln in 1816?,seven,Seven years old
When was the first photgraph of lincoln taken?,1846,1846
How long was Lincoln's legal Career?,23 years,Not specified in the context.
What trail did Lincoln use a Farmers' Almanac in? ,"he defended William ""Duff"" Armstrong",No trail specified.
Did Abraham Lincoln live in the Frontier?,Yes,Yes.
Did Lincoln's Wife's Family support slavery?,Yes,No.
Who is most noted for his contributions to the theory of molarity and molecular weight?,Amedeo Avogadro,Avogadro
Who graduated in ecclesiastical law at the early age of 20 and began to practice?,Amedeo Avogadro,Young Adams
When did he publish another memoria?,1821,1821
When did he become a professor?,1820,1892
Is it true that he became a professor in 1820?,yes,Yes.
Was Lorenzo Romano Amedeo Carlo Avogadro an Italian savant?,yes,Yes.
"Was Amedeo Avogadro born in Turin August 9th 1776 to a noble ancient family of Piedmont, Italy?",yes,Yes.
Is he most noted for his contributions to the theory of molarity and molecular weight?,yes,Yes.
Was King Victor Emmanuel III there to pay homage to Avogadro ?,yes,Yes.
Is Avogadro 's number commonly used to compute the results of chemical reactions ?,yes,Yes.
Did the scientific community not reserve great attention to his theory ?,yes,Yes.
Can the title of this famous 1811 paper be roughly translated into english?,yes,On magnetism
What happened in 1833?,Avogadro had been recalled to Turin university,No information provided.
Who determined the dependence of the boiling of water with atmospheric pressure?,Anders Celsius,Anders Celsius
What is named after him?,The Celsius crater on the Moon,Teddy bear
When did he publish a collection?,1733,No
Is it true that he published a collection in 1738?,No,No.
Is it true that thermometer had 100 for the freezing point?,Yes,No
Was Celsius born in Uppsala in Sweden?,Yes,Yes.
"Was Anders Celsius (November 27, 1701 April 25, 1744) a Swedish astronomer?",Yes,Yes.
Is The Celsius crater on the Moon named after him?,Yes,Yes
Who was the first to perform and publish careful experiments aiming at the definition of an international temperature scale on scientific grounds ?,Anders Celsius,Anders Celsius
The Celsius crater on the Moon is what?,named after him,A crater
Is the Celsius crater on the Moon named after him ?,Yes,Yes
Had his thermometer 100 for the freezing point of water and 0 for the boiling point ?,Yes it had,No
Was Celsius born in Uppsala in Sweden ?,Yes,Yes
Did he not determine the dependence of the boiling of water with atmospheric pressure -LRB- in excellent agreement with modern data -RRB- ?,Yes he did,No
What happened from 1730 to 1744?,He was professor of astronomy at Uppsala University,No information provided.
What happened in 1745?,The scale was reversed,No event mentioned in the context.
Are beetles insects?,Yes,Yes.
Can beetles be found in polar regions?,No,No
Do beetles antennae function primarily as organs of smell?,Yes,Yes.
What are the three sections of a beetle?,"the head, the thorax, and the abdomen","Head, thorax, abdomen"
Which defense mechanism uses colour or shape to deceive potential enemies?,mimicry,Mimicry
Which type of beetle is a pest of potato plants?,Colorado potato beetle,Colorado potato beetle
How can beetle larvae be differentiated from other insect larvae?,"their hardened, often darkened head, the presence of chewing mouthparts, and spiracles along the sides of the body","Hardened, often darkened head, chewing mouthparts, spiracles along the sides of the body."
What do beetles eat?,"Some are generalists, eating both plants and animals. Other beetles are highly specialised in their diet.","Plants, fungi, animal debris, other invertebrates, and sometimes other insects."
What are the similarities between beetles and grasshoppers?,mouthparts,Both have chewing mouthparts.
Are certain species of beetles considered pests?,Yes,Yes.
Is a beetle's general anatomy uniform?,Yes,Yes.
Are beetles endopterygotes?,yes,Yes.
How many species of beetles are there?,"350,000","About 350,000 species"
When are sperm cells transferred to the female?,during pairing,During pairing
What is the study of beetles called?,coleopterology,Coleopterology
"Is it possible that there are more than 350,000 species of beetles?",yes,Yes.
Is the Adephaga suborder larger than the Polyphaga suborder?,no,No.
Do carrion beetles eat dung?,no,No.
What are prey of various animals including birds and mammals?,Beetles.,"Ducks, ungulates, monkeys, rodents, reptiles, amphibians, fish, crocodiles, deer, antelopes, Ibex, caribou calves"
What was given by Aristotle for the hardened shield like forewings?,"The name ""Coleoptera"".",Coleo = shield + ptera = wing
Who or what vary greatly in form within the coleoptera?,Antennae.,Both A and B vary greatly in form within the coleoptera.
Are many beetles territorial?,Yes.,Yes.
Are beetles endopterygotes with complete metamorphosis?,Yes.,Yes.
Oxygen is what?,One kind of gas obtained via a tracheal system.,Molecule
Is there a thriving industry in the collection of beetle specimens for amateur and professional collectors ?,Yes.,Yes.
Have coleopterists formed organisations to facilitate the study of beetles ?,Yes.,Yes.
"Is the study of beetles called coleopterology , and its practitioners are coleopterists ?",Yes.,Yes.
May a single female lay from several dozen to several thousand eggs during her lifetime ?,Yes.,Yes.
Can beetles be found in almost all habitats?,Yes.,Yes.
What happened on plants and fungi?,They are food to beetles.,Clearing of vegetation
Was Calvin Coolidge the twenty-ninth vice president?,no,Yes.
"Was Calvin Coolidge born in Plymouth, Windsor County, Vermont?",yes,Yes
Did Coolidge graduate from Black River Academy?,yes,Yes.
When did he drop John from his name?,upon graduating from college,No information provided.
When did Coolidge meet and marry Grace Anna Goodhue?,1905,1905
What period of rapid economic growth did the United States experience during Coolidge's presidency?,the Roaring Twenties,Roaring Twenties
What did Coolidge do after graduating from Amherst?,"Coolidge moved to Northampton, MassachuS08_setts","He joined the Fraternity of Phi Gamma Delta, became a member of the College Republicans, and composed the Grove Oration. Later, he served in various roles including chairman of the Railroad Commission, honorary president of the Foundation of the Blind, and president of the American Antiquarian Society. He also became a trustee of Amherst College and received an honorary Doctor of Laws from Bates College."
Of what state was Coolidge governor?,MassachuS08_setts,Massachusetts
Who appointed Harlan Fiske Stone to the Supreme Court?,Coolidge,Calvin Coolidge
Was Coolidge the thirteenth President of the United States?,No,No.
Was Calvin Coolidge Republican?,Yes,Yes.
Was Calvin Coolidge a governor of MassachuS08_setts?,Yes,Yes
When was Coolidge born?,July 4 1872,"July 4, 1872"
Where did Coolidge's grandfather had government offices?,Plymouth,Plymouth
Which state were Coolidge born in?,"Plymouth, Windsor County, Vermont",Vermont
Is Calvin Jr. older than John Coolidge?,No,No.
Did Coolidge get in Amherst College?,Yes,No
What caused Calvin Jr.'s death?,heart attack,Stroke
Was John Calvin Coolidge Jr. was born in Las Vegas?,No,No.
Was Coolidge opposed in the Republican nomination for Governor of MassachuS08_setts in 1918?,Yes,No
Did Coolidge meet and marry Grace Anna Goodhue?,Yes,Yes.
What year did Coolidge open his own law office?,1898,1898
What fraternity was Coolidge a member of?,Phi Gamma Delta,Phi Gamma Delta
In 1905 Coolidge met and married whom?,Grace Anna Goodhue,Grace Anna Goodhue
Why did Coolidge not attend law school?,It was too expensive,To run for New York Assemblyman
Have there been other US presidents that have visited Cuba?,No,No.
What years were Coolidge's two sons born in?,1906 and 1908,1906 and 1908
Did France cede nearly all of its colonies in Europe in 1763?,Yes.,No.
Is Canada a member of the OECD?,Yes.,Yes.
Is Canada's official language Zulu?,No.,No.
What is one significant non-official language?,Chinese.,Chinese
"In addition to Port Royal, where else did Samuel de Champlain establish a S08_settlement?",Quebec City,Quebec City
What was the Consitution Act formerly called?,The British North America Act.,The Constitution Act
Which countries established colonies in Canada?,France and Britain.,United Kingdom
How has Canada helped UN peacekeeping efforts?,"During the Suez Crisis of 1956, Lester B. Pearson eased tensions by proposing the inception of the United Nations Peacekeeping Force. Canada has since served in 50 peacekeeping missions, including every UN peacekeeping effort until 1989",Led the inception of the United Nations Peacekeeping Force during the Suez Crisis of 1956 and served in 50 peacekeeping missions.
What percentage of the population don't speak English or French at home?,28%,26.5%
Is Canada bilingual?,Yes.,Yes.
Did Canadian soldiers win the Battle of Vimy Ridge in 1917?,Yes,Yes.
Is an official language of Canada German?,No.,No.
How many provinces and territories does Canada have?,A federation now comprising ten provinces and three territories,Ten provinces and three territories.
What is Canada's national unemployment rate?,"While as of October 2007, Canada's national unemployment rate of 5.9% is its lowest in 33 years. Provincial unemployment rates vary from a low of 3.6% in Alberta to a high of 14.6% in Newfoundland and Labrador. ",5.9%
Where is the most densely populated part of Canada?,The most densely populated part of the country is the Quebec City-Windsor Corridor along the Great Lakes and Saint Lawrence River in the southeast.,Quebec City-Windsor Corridor
What is the largest country in the world?,"Canada is the second largest country in the world, after Russia, and largest on the continent.",Russia
What is the largest religious group in Canada?,"According to 2001 census, 77.1% of Canadians identified as being Christians; of this, Catholics make up the largest group (43.6% of Canadians). The largest Protestant denomination is the United Church of Canada; about 16.5% of Canadians declare no religious affiliation, and the remaining 6.3% were affiliated with religions other than Christianity, of which the largest is Islam numbering 1.9%, followed by Judaism: 1.1%. ",Catholics
When did Canada have one of the largest armed forces in the world?,1944.,During the Cold War
What have been inhabited for millennia by aboriginal peoples?,The lands,The lands along the Atlantic coast
European books and maps began referring to this region as Canada in what year?,1545,1545
What was Canada's most important industry until the 1800s?,The fur trade,Fur trade
Is it true that it angered many residents of the thirteen colonies?,yes,Yes.
How do cuba and declining participation relate?,Canada maintains full relations with both.,Cuba maintains full relations with Canada.
Is it true that provinces have a large degree of autonomy?,yes,Yes.
What did Canada adopt in 1965?,The Maple Leaf Flag,Maple Leaf Flag
What arrived in Britain?,The first Canadian Army units in WW II,Gold Coast
Are Canada 's two official languages English and French ?,yes,Yes.
Are Canada 's official national sports ice hockey ( winter ) and lacrosse ( summer ) ?,yes,Yes
Is Canada a geographically vast and ethnically diverse country ?,yes,Yes.
Did Mainland Nova Scotia not come under British rule with the Treaty of Utrecht    (: ; ?,no!,No
"Did Cartier not use the word ` Canada ' to refer to not only that village , but the entire area subject to Donnacona , Chief at Stadacona ?",yes,No.
Did continental European immigrants not S08_settle the prairies ?,no,No.
Is it the world 's second largest country by total area?,yes,No
What happened in 1867?,"Canada was formed as a federal, semi-autonomous polity",Canada confederated.
Are ducks in the Arctic Northern Hemisphere migratory?,Some are,Yes.
Is a drake a male?,Yes,Yes.
"Do all ducks ""quack""?",No,No.
What is the name of a specialized species of duck adapted to catch large fish?,the smew,Smew
What animal attracts the most humor and silliness?,The duck,Duck
What is an economic use of a duck?,Meat,"Meat, eggs, feathers, and down production"
Who is Daffy Duck?,A silly cartoon character,A silly cartoon character
What makes it more difficult for a diving duck to fly?,They are heavier,Heavier weight
What are the reasons for hunting wild ducks?,"Meat, eggs, and feathers",Food or sport
Do ducks forage underwater?,yes,Yes.
Is foie gras often made from ducks?,yes,Yes.
What economic uses to ducks have?,"They are farmed for their meat, eggs and feathers. They are also kept and bred by aviculturists and often displayed in zoos.","Meat, eggs, feathers, down"
What kind of ducks feed on land?,Dabbling ducks,Dabbling ducks
What unrelated water birds are ducks sometimes confused with?,"loons or divers, grebes, gallinules, and coots","Loons, divers, grebes, gallinules, and coots."
What does the word duck mean?,It is the common name for a number of species in the Anatidae family of birds.,A bird
What are some common predators of ducks?,"Pike, crocodilians, herons, hawks and eagles.","Avian hunters, large fish, crocodilians, herons, foxes, hawks, eagles, humans, Peregrine Falcon"
How does a Mallard's tongue work?,"It's tongue is a flat plate, and on the tongue's back end is a short liftable flap with about 18 short spikes for pushing struggling prey and other food down its throat",Pushes struggling prey and food down its throat.
Are diving ducks heavier tha dabbling ducks?,Yes,Yes.
Are adult ducks fast fliers?,Yes,Yes.
Are ducks an accepted presence in some populated areas?,Yes,Yes.
What types of unrelated water birds with similar forms are ducks sometimes confused with?,"loons or divers, grebes, gallinules, and coots","Loons, divers, grebes, gallinules, and coots."
Why are ducklings particularly vulnerable?,Their inability to fly.,Inability to fly
What are some economic uses for duck?,"Meat,eggs,feathers","Meat, eggs, feathers, down, sport hunting, decoy hunting"
What allows a duck to filter water out of the side of their beaks and keep food inside?,Tiny rows of plates called lamellae,Lamellae
What expression is part of a conceptual framework for testing computer systems?,Quacks like a duck,Duck test
"Where did the expression ""a sitting duck"" come from?","In many areas, wild duckof various species (including ducks farmed and released into the wild) are hunted for food or sport, by shooting, or formerly by decoys.",Hunting
Is Egypt bordered by the Gaza Strip?,yes,Yes
Is Egypt the most populated country in Africa?,no,Yes.
Does Egypt have political influence in the Middle East?,yes,Yes.
When was the Six Day War?,1967,1967
What religions has Egypt outlawed?,"All but Christianity, Islam, and Judaism","All religions except Islam, Christianity, and Judaism"
What is the poulation of Egypt?,more than 78 million,78 million people
Why does most of Egypt's population live near the Nile?,"the only arable agricultural land is found there,",Aridity of climate
Are there a large number of Jews living in Egypt today?,no,No.
During what period was Akhenaten a Pharaoh?,The New Kingdom (c.1550&#8722;1070 BC) ,New Kingdom
Is Egypt in Asia?,No.,No.
Does Egypt receive the least rainfall in the world?,Yes.,Yes.
Does Egypt's foreign policy operates along moderate lines?,Yes.,Yes.
Since when has Egypt been a republic?,June 18 1953.,"June 18, 1953"
When were the Great Sphinx and the Pyramids of Giza built?,During the Old Kingdom.,Old Kingdom
What countries border Egypt?,"Libya, Sudan, the Gaza Strip and Israel.","Libya, Sudan, Gaza Strip, Israel, Cyprus, and Egypt"
What is the estimated population of Egypt?,More than 78 million.,78 million
Does snow fall in Egypt?,Yes.,Yes.
When did organized agriculture appear in the Nile Valley?,6000 BC.,About 6000 BC
Are elephants the largest land animals alive today?,yes,Yes.
Can an elephant kill a rhinoceros?,yes,No.
Are elephants good swimmers?,yes,Yes.
How many living species of African Elephants are there?,2,Three
How long may elephants live?,70 years,"Up to 70 years, sometimes longer."
Why does the phrase 'elephants never forget' have no metaphorical meaning?,it refers literally to elephants supposedly having an excellent memory,It refers literally to elephants supposedly having an excellent memory.
How many living species of Asian Elephants are there?,1,Three
How much do elephants weight at birth?,120 kilograms,90–115 kg (200–250 lb)
What did Aristotle say about elephants?,the beast which pasS08_seth all others in wit and mind,"The elephant is ""the beast which passeth all others in wit and mind."""
Are elephant populations in West Africa generally small and fragmented?,yes,Yes.
Is the Asian elephant larger than the African?,no,No
Is an elephant's skin tough?,yes,Yes.
How do elephants communicate over long distances?,by producing and receiving low frequency sound,By producing and receiving low-frequency sound (infrasound)
When do African elephants lie down?,when they are sick or wounded,"Rarely, unless they are sick or wounded."
How long is the elephant's gestation period?,22 months,22 months
How many species of African elephants have been proposed?,three,Two
What are the elephant's ears important for?,temperature regulation,Temperature regulation and communication
What land animal has the largest brain?,elephant,Elephant
Are elephants mammals?,yes,Yes.
Have elephants been used as working animals?,yes,Yes.
Do they prefer forested areas?,Yes,Yes.
What is the world population of Asian elephants?,60000,"Around 60,000"
What part of an elephant is very important for temperature regulation?,Ears,Ears
Where was the largest elephant ever recorded shot?,Angola,"Ngorongoro crater, Tanzania"
Is an Asian elephant smaller than an African elephant?,yes,Yes.
What land animal is larger than an elephant?,"None, the elephant is the largest land animal.",None
Has tusklessness become a rare abnormality?,No,No.
Were the treaties signed in 1947 and 1948 with the Ukraine?,no,No.
Is Finnish a member of the Baltic-Finnic subgroup of the Uralic languages?,yes,Yes.
Is the most read newspaper in Finland Taloussanomat?,no,No
Which Russian army general conquered Finland in 1809?,Alexander I,Alexander I of Russia
What is the life expectancy for men in Finland?,75 years,75 years
"In what year were the ""Games of the XV Olympiad"" held?",1952,1952
What body of water lies to the south of Finland?,the Gulf of Finland,Gulf of Finland
Name an animal that is growing in number due to recent conservation efforts,"Golden Eagle, Brown Bear, or Eurasian Lynx (Change imperative to interrogative)",Golden Eagle
"Today, are there more cell phone subscriptions than people in Finland?",yes,Yes.
Is Matti Vanhanen the Prime Minister of Finland?,yes,Yes.
Is the capital city Oslo?,no,No.
Does it have a border with Norway?,yes,No.
What is the life expectancy for men?,75 years,76.1 years
What is the biggest city in Finland?,Greater Helsinki,Helsinki
Who is the most popular rock group in Finland?,CMX,CMX
What is Finland's economy like?,"a highly industrialised, free-market economy","Highly industrialised, free-market economy with a strong services sector and significant manufacturing and electronics industries."
Where is Finland located?,Northern Europe,Northern Europe
What is the weather like in summer?,relatively warm,Hot with occasional extreme heat in some interior locations.
Does salmon remain the favorite of fly rod enthusiasts?,Yes,Yes.
Are there cathedrals scattered all across Finland?,Yes,Yes.
"According to Reader's Digest, is Finland best for living?",Yes,Yes.
When did the first verifiable written documents appear?,Twelfth Century,Twelfth century
What is the capital city?,Helsinki,Jakarta
What is the most extensively celebrated holiday?,Christmas,Christmas
Does a large proportion of the population speak Swedish as its mother tongue?,No,No
Do women live longer than men?,Yes,Yes.
What is a country with which Finland is involved in an international conflict?,Finland is not involved in international conflicts or border disputes. ,No
Was Ford a member of the House of Representatives?,Yes,Yes.
For how long was Ford a member of the House of Representatives?,Over eight years.,Twenty-four years
Was Gerald Ford a member of Delta Kappa Epsilon?,Yes,Yes.
"Did ford get an award called ""Congressman's congressman""?",Yes,Yes.
Did ford attend the University of Michigan?,Yes,Yes.
What positions Ford played in the school football team?,Center and linebacker,Center and linebacker
What did Ford say about his biological father?,He was abusive and had a history of hitting his mother.,"A carefree, well-to-do man."
Who did Ford nominate for Vice President?,Bob Dole,George H. W. Bush
Was Ford active about Vietnamese affairs?,No,No.
hard,hard,No
Had Ford's wife married before?,Yes,Yes.
Is Ford related with the assassination of John F. Kennedy?,Yes,No.
Was Gerald Ford the 38th President of the United States?,yes,Yes.
Did Gerald Ford serve as the Republican Minority Leader of the House of Representatives?,yes,Yes.
Was Ford an Eagle Scout?,yes,Yes.
What district was Ford elected from?,Michigan's 5th congressional district,Michigan's 5th congressional district
How many Eagle Scouts were involved in Ford's funeral procession?,400,400
Which future Heisman Trophy winner did Ford tackle?,Jay Berwanger,Jay Berwanger
Has another US President been an Eagle Scout?,no,No.
Did Ford need to do extra work to pay for college?,yes,Yes.
Have more than five Presidents lived past the age of 90?,no,No
How do kwajalein and eniwetok relate?,The Monterey supported landings at both locations.,No relation mentioned.
"What did Ford receive on April 13, 1942?",Ford received a commission as ensign in the US Naval Reserve.,No information provided.
Was Ford released from the hospital?,Yes.,Yes.
"Was Ford interred at his Presidential Museum in Grand Rapids, Michigan?",Yes.,Yes.
Is Ford one of only four former Presidents to live to 90 or more years of age ?,Yes.,Yes.
Was Ford the last surviving member of the Warren Commission ?,Yes.,Yes.
"Did Grand Rapids supporters not urge him to take on Bartel J. Jonkman , the incumbent Republican congressman ?",No.,No
Did they not claim Ford 's pardon was quid pro quo in exchange for Nixon 's resignation ?,They did claim Ford's pardon was quid pro quo.,Yes
Does Ghana have twice the per capita output of the poorer countries in West Africa?,yes,Yes
Is English Ghana's official language?,yes,Yes.
Did the Dutch build the Elmina Castle?,No,No
When did Ghana achieve independence from the United Kingdom?,1957,1957
How many regions is Ghana divided into?,10,10
Who is the head of state of Ghana?,President John Agyekum Kofuor,John Agyekum Kufuor
What is the dominant religion in Ghana?,Christian,Christianity
What are the two subfamilies of the Native Ghanaian languages?,Kwa and Gur,Kwa and Gur
What is the weather like at Lake Volta?,Warm and comparatively dry,Hot and dry
Is Ghana in Asia?,no,No
Is English the official language?,yes,Yes.
Is Ghana's head of state John Agyekum Kufuor?,yes,Yes.
What does the word Ghana mean?,warrior king,Warrior King
Who was Kwame Nkrumah?,founder and first president,Founder and first president of modern Ghana
Where is old Ghana in relation to present Ghana?,500 miles north,500 miles north
Who makes up Ghana's Parliament?,the New Patriotic Party and National Democratic Congress,25 members
What European countries established states in Ghana?,The UK,"Portugal, Britain, and Scandinavia"
Does the Gray Wolf share an ancestry with the domestic dog?,Yes,Yes.
Do wolf pups tend to have darker fur than adults?,Yes,Yes.
Do wolves leave their pack?,Yes,Yes.
What kinds of coats do wolves have?,bulky coats with two layers,Two-layered coats
Where do wolves have scent glands?,Helping the woldf to effectively navigate over large expanses while concurrently keeping others informed of its whereabouts.,"All over their bodies, including at the base of the tail, between toes, and in the eyes, genitalia, and skin."
How much do wolves weigh?,typically varies between 32 and 62 kilograms,32 to 62 kilograms (70 to 135 pounds)
Why do wolves howl?,"Howling helps pack members keep in touch, allowing them to communicate effectively in thickly forested areas or over great distances. Howling also helps to call pack members to a specific location. Howling can also serve as a declaration of territory, as shown in a dominant wolf&apos;s tendency to respond to a human imitation of a ""rival"" wolf in an area the wolf considers its own. ",To strengthen social bonds and communicate.
What is surplus killing?,Surplus killing is defined as the killing of several prey animals too numerous to eat at one sitting.,Surplus killing is the killing of several prey animals too numerous to eat at one sitting.
Are Gray Wolves native to North America?,Yes,Yes.
Is the Gray Wolf a mammal?,Yes,Yes.
Are a wolf's teeth its main weapons?,Yes,Yes.
Are wolves built for stamina?,Yes,Yes.
Where is the largest gray wolf population thought to be found?,Kazakhstan,Kazakhstan
To what genus does the gray wolf belong?,Canis,Canis
When do wolves molt?,Late Spring or Early Summer,Late spring or early summer
Why is it beneficial for alpha males and females to forcefully prevent other wolves from mating?,A pack can only suppport one littler per year,To ensure only one litter per year.
What type of tools do biologists use to capture wolves for tagging?,Darting and Foot hold traps.,Darting and foot hold traps
"Forward, erect ears and slightly bristle hackles are a sign of what in wolves?",Dominance,Anger
Was Grover Cleveland born in New York?,no,No
Did Grover Cleveland win the 1884 election?,yes,Yes.
Did Grover Cleveland support women's suffrage?,No,No
Where was Grover Cleveland married?,In the White House,White House
What did Cleveland die from?,A heart attack,Heart attack
How many years after Cleveland left office did the U.S. win the Spanish-American War?,One Year,1
What did Cleveland's opponents say in 1884 to counter his innocent image?,That he had fathered an illegitimate child,They denounced him as corrupt.
Who did Cleveland run against in 1884?,former Senator James G. Blaine of Maine,James G. Blaine of Maine
Why did Cleveland want to hide his cancer surgery from the public?,To avoid further market panic,To avoid further market panic.
Was Grover Cleveland the twenty-seventh president of the United States?,No.,No.
Is Grover Cleveland honest?,Yes.,Yes.
Was Grover Cleveland married in the whitehouse?,Yes.,Yes.
"When was he elected sheriff of Erire County, New York?",Yes.,1870
When did he die?,June 24 1908,"August 19, 1819"
Which election did Grover Cleveland win?,1884 and 1892 presidential elections,1884
Who were Grover Cleveland's parents?,"Cleveland was born in Caldwell, New Jersey to the Reverend Richard Cleveland and Anne Neal.",Reverend Richard Cleveland and Anne Neal.
How many children did Grover Cleveland have?,5,Five
Who lost control of his party to the agrarians and silverites in 1896?,Grover Cleveland,Grover Cleveland
Is it true that he sent in federal troops to chicago?,yes,Yes.
"Was Cleveland born in Caldwell, New Jersey to the Reverend Richard Cleveland and Anne Neal?",yes,Yes.
"Was Grover Cleveland elected Sheriff of Erie County, New York?",yes,Yes.
Was Cleveland 's portrait on the U.S. $ 1000 bill from 1928 to 1946 ?,yes,Yes
Is he buried in the Princeton Cemetery of the Nassau Presbyterian Church ?,yes,Yes.
Did the Department of the Interior not charge that the rights of way for this land must be returned to the public because the railroads failed to extend their lines according to agreements ?,yes,No
"Did the team , sedating Cleveland with nitrous oxide -LRB- laughing gas -RRB- , not remove his upper left jaw and portions of his hard palate ?",yes,Yes.
He became chief engineer in the Department of Bridges and Highways in what year?,in 1894,1894
What led Becquerel to investigate the spontaneous emission of nuclear radiation?,phographic plates being fully exposed,Accidental discovery of radioactivity
Is it true that he married louise désirée lorieux in 1890?,yes,Yes.
Is it true that he shared the nobel prize in physics?,yes,Yes.
When did he marry louise désirée lorieux?,1890,1890
Was Becquerel elected Permanent Secretary of the Académie des Sciences?,yes,Yes.
"Was Becquerel born in Paris into a family which, including he and his son Jean, produced four generations of scientists?",yes,Yes.
Who won the 1903 Nobel Prize in Physics for discovering radioactivity ?,Henri Becquerel,Antoine Henri Becquerel
Did he not die at the age of 55 in Le Croisic ?,Yes he died at the age of 55,No.
Did one places between the phosphorescent substance and the paper a piece of money or a metal screen not pierce with a cut-out design ?,yes,No
What happened in 1896?, Becquerel accidentally discovered radioactivity.,No information provided.
What happened with a bromide emulsion in two sheets of very thick black paper?,the plate does not become clouded upon being exposed to the sun for a day,It did not become clouded upon being exposed to the sun for a day.
Is there a becquerel crater on the moon and a becquerel crater on mars?,yes,Yes.
Are the Javanese the largest and politically dominant ethnic group in Indonesia?,yes,Yes.
Is Indonesia a monarchy with a presidential system?,no,No.
Did the Japanese invasion and subsequent occupation during WWII end Dutch rule?,yes,Yes.
In what year did East Timor secede from Indonesia?,1999,1999
When did Islam become the dominant religion in Java and Sumatra?,the end of the 16th century,By the end of the 16th century.
Does Indonesia have the world's hightest level of biodiversity?,no,No.
Was Indonesia named after it became an independent country?,no,No.
Why did Indonesia break off relations with the People's Republic of China?,because of anti-communist purges early in the Suharto era,Anti-communist purges early in the Suharto era.
Which spice originally attracted Europeans to Indonesia?,"nutmeg, cloves, or cubeb pepper",Nutmeg
What is Jakarta?,Indonesia's special capital region,The capital of Indonesia and its largest commercial center
"What shares land borders with Papua New Guinea, East Timor and Malaysia?",Indonesia,Indonesia
What are the largest and politically dominant ethnic group?,the Javanese,English
What happens when the srivijaya kingdom formed trade links?,The indonesian archipelago became an important trade region,Trade flourished.
Is it true that indonesia has vast areas of wilderness?,yes,No.
Is Indonesia a republic?,yes,Yes.
Are Sports in Indonesia generally male-orientated?,yes,Yes.
Is Indonesia the world's largest archipelagic state?,yes,Yes.
Are sports in Indonesia generally male-orientated and spectator sports are often associated with illegal gambling ?,yes,Yes.
Is Pencak Silat an Indonesian martial art ?,yes,Yes.
Has Indonesia the world 's largest Muslim population ?,yes,Yes
Who has its own political legislature and governor ?,each province,Quebec
Is it the world 's largest archipelagic state?,yes,Yes
Is it the world 's fourth most populous country and the most populous muslim-majority nation?,yes,Yes.
Is indonesia a republic?,yes,Yes.
Is James Monrow the fifth president of US?,Yes,Yes.
What is the first word on the page?,James,The
What is the first number on the page?,28,222px
When did Monroe's presidency expired?,"March 4, 1825","March 4, 1825"
What is Monroe's father's name?,Spence,Spence Monroe
What is Monroe's daughter's name?,Maria Hester Monroe Gouverneur,No information provided.
"What does ""Era of Good Feelings"" refers to?",Reduced tension,A period of national unity and political harmony in the United States.
Did Monroe' wedding happen at the Trinity Church in New York?,Yes,Yes.
What is Monroe Doctrine?,A doctrine declaring U.S. opposition to European interference in the Americas.,"A policy declaring the Americas free from future European colonization and interference, and considering new colonies or interference in the Americas as hostile acts toward the United States."
Was James Monroe President of the United States?,yes,Yes.
Did James Monroe attend the College of William and Mary?,yes,Yes.
Did James Monroe fight in the Continental Army?,yes,No.
Where was James Monroe born?,"Westmoreland County, Virginia","Westmoreland County, Virginia"
Where was James Monroe shot?,"at the Battle of Trenton, in his left shoulder",The provided context does not contain information about where James Monroe was shot.
Who did James Monroe marry?,Elizabeth Kortright,Elizabeth Kortright
What did James Monroe do before being elected governor?,He practiced law in Virginia.,He served in the Virginia House of Delegates and the Continental Congress.
In which years were John Monroe elected as President?,1817-1825,"1816, 1820"
Who was John Monroe standing behind in the painting of  Washington Crossing the Delaware?,George Washington,George Washington
When was James Monroe appointed to Secretary of War?,1814,1814
When did James Monroe die?,"July 4, 1831","July 4, 1831"
When did James Monroe graduate from William and Mary?,1776,1776
When was James Monroe elected president?,"Monroe was elected president in the election of 1816, and re-elected in 1820.",1816
Which property did James Monroe sell in 1817?,Monroe Hill on the grounds of the University of Virginia.,Monroe Hill on the grounds of the University of Virginia.
When did James Monroe introduce the Monroe Doctrine?,"December 2, 1823","December 2, 1823"
Who did James Monroe live with in New York City?,His daughter Maria Hester Monroe Gouverneur,Elizabeth Kortright
What did James Monroe's letters not contain?,No letters survive in which he might have discussed his religious beliefs.,Discussion of his religious beliefs.
What was the result of the rejection of the Jay Treaty?,"As a result, the two nations moved closer toward the War of 1812. ",No treaty was ratified.
Who is depicted holding the flag in the famous painting of Washington Crossing the Delaware?,Monroe,Washington
"What dwindled and eventually died out, starting with the Hartford Convention?",The Federalist Party,Federalist Party
Is it true that he practiced law in fredericksburg?,yes,No.
What did James Monroe make in 1817?,two long tours,He became the fifth President of the United States.
Was Monroe anticlerical?,no,No.
Was Monroe appointed Minister to France from 1794 to 1796?,yes,Yes.
What expired on March?,Monroe's presidency,None
Had Monroe racked up many debts during his years of public life ?,yes,Yes.
Who dismantled partisan and sectional coalitions ?,many congressmen,Adams
What happened in 1811?,Monroe returned to the Virginia House of Delegates and was elected to another term as governor of Virginia,No information provided.
What happened in the election of 1816?,Monroe was elected president,No information provided.
Who died in childbirth in 1772?,Margaret Miller,No
Who died in 1832?,Margaret Miller.,No one
"Is watt commemorated by statuary in George Square, Glasgow and Princes Street, Edinburgh?",Yes.,Yes.
"Was watt a gentleman, greatly respected by other prominent men of the Industrial Revolution?",Yes.,Yes.
Was watt a fellow of the Royal Society of Edinburgh and the Royal Society of London?,Yes.,Yes.
"Four years after opening his shop , Watt began what?","Watt began to experiment with steam after his friend, Professor John Robison, called his attention to it.",He began making improvements to his instrument-making business.
Was Watt ranked 22nd in Michael H. Hart 's list of the most influential figures in history ?,Yes.,Yes.
Did John Adams represent the Continental Congress in Europe?,Yes.,Yes.
Was Adams raised Congregationalist?,Yes.,Yes.
Was Adams an opponent of the Stamp Act?,Yes.,Yes.
When did Adams graduate from college?,1755.,1880
Who was on the committee with Adams to draft  a Declaration of Independence?,"Thomas Jefferson, Benjamin Franklin, Robert R. Livingston and Roger Sherman.","Thomas Jefferson, Benjamin Franklin, Robert R. Livingston, and Roger Sherman"
What did Jefferson call John Adams?,"The ""Colossus of Independence"".",Friend
What was Adams' political party?,The Federalist Party.,Federalist Party
Was Adams the first to introduce a bicameral legislature?,Yes.,No.
Did John Adams get along with Alexander Hamilton?,No.,No
Did John Adams go to Harvard? ,yes,Yes.
Did John Adams support the Stamp Act of 1765?,No,No.
Is Adams' birthplace part of a national park?,yes,Yes.
When did John Adams serve as Vice President?,1789-1797,1789-1797
With what party did Adams run for presidency?,The Federalist Party,Federalist Party
Where is Adams buried?,United First Parish Church,United First Parish Church
Who were the midnight judges?,"They were a series of judges, so called because most of them were formally appointed days before Adams' presidential term expired",Adams' appointees
In what ways was Adams opposed by Anderw Hamilton?,Hamilton wanted to control the army differently than Adams,Sabotaged Adams' campaign
What information did he record in his diary?,Descriptions of events and ompressions of men,Experiments and travels
Who was defeated for re-election in the`` Revolution of 1800'' by Thomas Jefferson?,John Adams,John Adams
Who represented the Continental Congress in Europe?,John Adams,John Adams
What is now part of Adams National Historical Park?,John Adams' birthplace,"Quincy, Massachusetts"
Is it true that adams had spent some time as the ambassador?,yes,Yes.
Is it true that massachuS08_setts sent him in 1774?,yes,Yes.
Who did MassachuS08_setts send in 1774?,John Adams,John Adams
"Are his last words often quoted as "" Thomas Jefferson survives "" . ?",yes,Yes.
"The John Adams Library , housed at the Boston Public Library , contains what?","Adams's personal collection of more than 3,500 volumes","Adams's personal collection of more than 3,500 volumes in eight languages."
Adams ' opponents were what?,Democratic Republicans,Thomas Jefferson and Aaron Burr
"Did the election of 1800 not become a bitter and volatile battle , with each side expressing extraordinary fear of the other party and its policies ?",No.,No
What happened in 1764?,Adams married Abigail Smith,No event mentioned in the context.
Is a kangaroo a reptile?,no,No.
Is a kangaroo on the Australian coat of arms?,yes,Yes.
"Was James Cook the first to record the name ""Kangooroo?""",yes,Yes.
What is a collective noun for kangaroos?,"mob, troop, or court","A mob, troop, or court."
Where do joeys complete postnatal development?,marsupium,In the mother's pouch.
"What do kangaroos use for ""crawl-walking?""",its hind feet,Their tail
Why do kangaroos have a wide bite?,The two sides of the lower jaw are not joined together and the lower incisors are farther apart.,The lower incisors are farther apart.
What is responsible for converting the hydrogen byproduct of fermentation into acetate?,bacteria,Bacteria
Are wild kangaroos shot for meat?,yes,Yes.
Have kangaroos fared well since European S08_settlement?,yes,Yes.
Do kangaroos have many natural predators?,no,No
What is the average life expectancy of a kangaroo?,4.6 years,About 4 6 years
When did the first official report of kangaroo blindness take place?,1994,1994
What are vehicles that frequent isolated roads often fitted with?,roo bars,Roo bars
Do kangaroos eat plants?,yes,Yes.
What are some extinct predators of the kangaroo?,"Thylacine, Marsupial Lion, Maagalania, and Wonambi","Thylacine, Marsupial Lion, Megalania, Wonambi"
Is a Kangaroo a Marsupial?,Yes,Yes.
Is the kangaroo an herbivour?,Yes,Yes.
Are Kangaroos Shy?,Yes,Yes.
What method of locomotion do Kangaroos Use?,hopping,Hopping
What is a collective noun for a kangaroo?,"a mob, troop, or court","Mob, troop, or court"
What is a roo?,a kangaroo,A roo is a colloquial term for a kangaroo.
What is used to protect a vehicale from a Kangaroo?,roo bars,"""kangaroo crossing"" signs"
What method is used by Kangaroos to travel?,hopping,Hopping
Who asked a nearby local what the creatures were called?,Captain James Cook and naturalist Sir Joseph Banks,Captain James Cook
What are four species that are commonly referred to as kangaroos?,"The Red Kangaroo, The Eastern Grey Kangaroo, The Western Grey Kangaroo, and The Antilopine Kangaroo","Red Kangaroo, Antilopine Kangaroo, Eastern Grey Kangaroo, Western Grey Kangaroo"
Are kangaroos and wallabies adept swimmers?,yes,Yes.
Are kangaroos farmed to any extent?,No.,No
Who also discovered that less than three percent of kangaroos exposed to the virus developed blindness ?,Veterinarians,Veterinarians
Different species of kangaroos eat what?,different diets,Different diets
Have Kangaroos dazzled by headlights or startled by engine noise been known to leap in front of cars ?,yes,Yes.
Is a collision with a vehicle capable of killing a kangaroo ?,yes,Yes.
Was the game of Marn grook played using a ball made from kangaroo by the Kurnai people ?,yes,Yes.
"Have kangaroos large , powerful hind legs , large feet adapted for leaping , a long muscular tail for balance , and a small head ?",yes,Yes
"Is a kangaroo a marsupial from the family macropodidae -LRB- macropods , meaning (`` ` large foot ('' ' -RRB-?",yes,Yes
What kinds of changes have larger kangaroos adapted much better to?,Changes wrought to the Australian landscape by humans.,Changes wrought to the Australian landscape by humans
Have larger kangaroos adapted much better to changes?,yes,Yes.
Is the leopard smaller than the other members of Panthera?,yes,No.
Is a leopard larger and less lanky than a cheetah?,yes,Yes.
Are large pythons potential prey for leopards?,yes,Yes.
What may a leopard be mistaken for?,A cheetah or a jaguar,Cheetah or jaguar
What is a hybrid animal resulting from a union between a leopard and a puma?,a pumapard,Pumapard
Where do leopards often hide their kills?,in dense vegetation,Dense vegetation or trees
How did early naturalists distinguish between leopards and panthers?,by the length of their tails,By their names and physical characteristics.
What are dark leopards known as colloquially?,Black Panthers,Black Panthers
What shape are a leopard's black roS08_settes in East Africa?,circular,Not specified
Is the leopard an Old World mammal?,yes,Yes.
Is the leopard of the Felidae family?,yes,Yes.
Is the leopard one of the four 'big cats'?,yes,Yes.
Where is the leopard distributed?,southern Eurasia and Africa,India
How long is a leopard's tail?,60 to 110cm,60 to 110 cm
How much does a leopard weigh?,Males are considerably larger than females and weigh 37 to 90 kg compared to 28 to 60 kg for females. ,"37 to 90 kg for males, 28 to 60 kg for females"
Does a male leopard weigh more than a female leopard?,yes,Yes.
What is the difference between leopards and cheetahs?,The leopard has roS08_settes rather than cheetah's simple spots and the leopard is larger and less lanky than the cheetah.,"Leopards have rosettes, while cheetahs have simple spots."
How does the distribution size of the leopard compare to the distribution of other wild cats?,"As of 1996, the leopard had the largest distribution of any wild cat, although populations before and since have shown a declining trend and are fragmented outside of subsaharan Africa.",Largest
What resembles that of the similarly-sized cougar in the Americas?,The leopard's ecological role,Gray wolf
"What was one of the many species described in Linnaeus's 18th-century work, Systema Naturae?",Felis pardus,Felis pardus
What sort of cats are solitary?,Leopards,Leopards
Are leopards circular?,No,No.
Is the leopard solitary?,Yes,Yes.
What centred in Sierra?,The leopard men,Vaduz
Felis pardus was what?,"One of the many species described in Linnaeus's 18th-century work, Systema Naturae",A species described in Linnaeus's work
Has the New Zealand Rugby League featured the Otahuhu Leopards and then the Tamaki Leopards ?,Yes,Yes.
Were the Leopard men a West African secret society who practised cannibalism ?,Yes,Yes.
Was the leopard tank a German designed tank which entered service in 1965 ?,Yes,Yes.
Is the black color heritable and caused by only one recessive gene locus ?,Yes,Yes.
"Is the leopard -LRB- panthera pardus -RRB- an old world mammal of the felidae family and the smallest of the four (`` ` big cats ('' ' of the genus panthera , along with the tiger , lion , and jaguar?",Yes,Yes.
Can a panther be any of several species of large felid?,Yes,Yes.
Is the leopard an agile and graceful predator?,Yes,Yes.
Is Liechtenstein bordered by Switzerland?,Yes,Yes.
Is Liechtenstein the smallest German-speaking country in the world?,Yes,No.
Was Liechtenstein part of the ancient Roman province of Raetia?,Yes,Yes.
When was the first factory opened?,1836,1836
How many municipalities is Liechtenstein divided into?,11,11
What is the national currency of Liechtenstein?,Swiss franc,Swiss franc
Has Leichtenstein worked to promote the county's image by prosecuting international money-laundering?,Yes,Yes.
What company administers Leichtenstein's railways?,Austrian Federal Railways,Austrian Federal Railways
What percentage of Liechtenstein's population is foreign-born?,two-thirds,Approximately one third
Is there an airport in Liechtenstein?,No.,No
Is Liechtenstein heavily urbanized?,No.,No
Is Liechtenstein doubly landlocked?,Yes.,Yes
Does Liechtenstein have an army?,No.,No
When was Liechtenstein's current constitution adopted?,October 1921.,October 1921
What is the official language of Liechtenstein?,German.,German
What countries border Liechtenstein?,Switzerland and Austria.,Switzerland and Austria
What Roman province was Liechtenstein part of?,Raetia.,Raetia
How many municipalities are within Oberland?,6.,Five
What is the smallest German-speaking country in the world?,Liechtenstein,Liechtenstein
"The Savings and Loans Bank was founded, as was the first cotton-weaving mill in what year?",1861,1861
What enjoys one of the world's highest standards of living?,Liechtenstein's population,Singapore
Does the state court rule on the conformity of laws?,Yes,Yes.
What do most recognizable international company and largest employer have in common?,They are Hilti.,Both are companies from Liechtenstein.
Was Liechtenstein completed in November 2000?,No,No.
What completed in November?,the Kunstmuseum Liechtenstein,The State of the Union Address
The State Court rules what?,on the conformity of laws with the constitution,Conformity of laws with the constitution.
The Historical Society of the Principality of Liechtenstein plays what?,a role in preserving the culture and history of the country.,Preserving culture and history
Is the museum collection also the national art collection of Liechtenstein ?,Yes,Yes
Is there a small heliport at Balzers in Liechtenstein available for charter helicopter flights ?,Yes,Yes.
Are nationals referred to by the plural : Liechtensteiners ?,Yes,Yes
"Is it a winter sports resort , although it is perhaps best known as a tax haven ?",Yes,Yes
Is it a winter sports resort?,Yes,No.
Is it the smallest german-speaking country in the world?,Yes,Yes.
"What happened in moravia , lower austria , silesia , and styria , though in all cases , these territories were held in fief under other more senior feudal lords?",The Liechtenstein Dynasty acquired vast swaths of land,The Liechtenstein dynasty acquired vast swathes of land.
"Did Webster write, ""I can now sleep of nights""?",Yes.,Yes.
Was the arrival of Louis Kossuth (exiled leader of a failed Hungarian revolution) another issue that presented itself during Fillmore's presidency?,Yes,Yes.
"Did he die at 11:10 p.m. on March 8, 1874, of the after-effects of a stroke?",Yes,Yes.
Who got Seward elected to the senate?,Weed,Thurlow Weed
Where was Commodore Matthew C. Perry sent to open Japan to Western trade?,Japan,"To open Japan to Western trade, Commodore Matthew C. Perry was sent to Japan."
What is The Remarkable Millard Fillmore?,A fake biography based on real events that happened in Fillmore's life.,A fake biography
Did Fillmore form a law partnership before or after he founded the private University of Buffalo?,Before.,Before he founded the private University of Buffalo.
Did Fillmore run for President a second time?,Yes,No.
How long after the death of his first wife did Fillmore marry Caroline McIntosh?,where is the death date of his first wife?,Two years
Was Millard Fillmore the thirteenth President of the United States?,yes,Yes.
"Was Millard Fillmore born on January 7, 1800?",yes,No
"Did Millard Fillmore die on March 8, 1974?",no,No
Where was Millard Fillmore born?,"in a log cabin in Summerhill, New York","Summerhill, New York"
To whom was Millard Fillmore born to?,to Nathaniel and Phoebe Millard Fillmore,Nathaniel and Phoebe Millard
Who did Millard Fillmore fall in love with?,He fell in love with Abigail Powers,Caroline McIntosh
What did Taylor and Fillmore disagree upon?,slavory issues,Slavery in the new western territories
How did Fillmore ascend to the presidency?,"upon the death of the sitting president, Taylor",Upon the death of Zachary Taylor
How did the supporters of Henry Clay feel about Fillmore in 1848?,they were ok with him,Angered
Who was first apprenticed to a fuller to learn the cloth-making trade?,millard fillmore,Fillmore
He founded the private university of buffalo on what date?,1846,"May 11, 1846"
Who or what fell in love with abigail powers?,millard fillmore,John Quincy Adams
Was Fillmore one of the founders of the University of Buffalo?,yes,Yes.
Was Another primary objective of Fillmore to preserve the Union from the intensifying slavery debate?,yes,Yes.
"Was Fillmore the second Chancellor, a position he maintained while both Vice President and President?",no,No.
Is Fillmore the first of two presidents to have been an indentured servant ?,yes,Yes.
Is the comic strip Mallard Fillmore named after the president ?,yes,Yes.
Was Fillmore the first U.S. President born after the death of a former president ?,yes,Yes.
"Did Fillmore not turn down the honor , explaining that he had neither the `` literary nor scientific attainment '' to justify the degree ?",no,No
"What happened in a log cabin in summerhill , new york?",Fillmore was born,No information provided.
"Who was born precisely at midnight during an electrical storm , to a Serbian family in the village of Smiljan near Gospić , in the Lika region of the Croatian Krajina in Military Frontier ( part of the Austrian Empire ) , in the present-day Croatia . ?",Nikola Tesla,Nikola Tesla
Are there at least two films describing Tesla 's life ?,Yes.,Yes.
Have a number of live theatrical plays based on Tesla 's life been produced and staged worldwide ?,yes.,Yes.
Do sea otters have long muscular tails?,no,Yes.
Can otters survive in cold water?,yes,Yes.
Does the giant otter inhabit South Africa?,no,No
How many species of otter are there?,13,13
What do river otters eat?,"a variety of fish and shellfish, as well as small land mammals and birds","Fish, frogs, crayfish, crabs, small land mammals, and birds."
How much do sea otters weigh?,30 kg (about 65 pounds),30 kg (about 65 pounds)
How do sea otters insulate themselves?,a layer of air trapped in their fur(!),By trapping air in their fur and blowing into it from their mouths.
Why are sea otters nearly extinct?,They've been hunted for their fur,Hunting for their fur
What is one of the challenges of re-establishing a population of Eurasian otters in the UK?,roadkill deaths,Roadkill deaths
Is otter a kind of mammal?,yes,Yes.
How many species and genera does otter have?,13 species and 7 genera,13 species in 7 genera
Do otters live in water?,yes,Yes.
Where do sea otters live?,Sea otters (Enhydra lutris) live along the Pacific coast of North America. ,Along the Pacific coast of North America.
"Where does the word ""otter"" derive from?","The word ""otter"" derives from the Old English word otr, otor or oter. ","Old English word ""otr"", ""otor"" or ""oter"""
Does otter give birth or lay egg?,give birth,No
What drives sea otter almost to extinction?,Humans hunted them almost to extinction. ,Hunting for their rich fur.
Why otters are considered as totem animals?,"The time of year associated with this is also associated with the Aquarius sign of the Zodiac, through which the sun passes January 20-February 19. ",Cultural significance.
Do sea otters live along the Pacific coast?,Yes,Yes
Are otters totem animals?,Yes,Yes.
Are otters herbivores?,No,No.
What is the primary item in an otter's diet?,Fish.,Fish
What is an otter's den called?,Holt,Holt
Why is the giant otter becoming increasingly rare?,"Poaching, habitat loss, and toxins in gold mining.  ","Poaching, habitat loss, and illegal mining"
How do otters keep themselves warm without blubber?,A layer of air trapped in their fur.  ,By trapping a layer of air in their fur.
How are otters playful animals?,"The slide down snowy slopes, apparently for sheer enjoyment.  ",Sliding down snowy slopes
What animals are related to otters?,"weasels, polecats, and badgers","Weasels, polecats, badgers, and others"
"What traps a layer of air, and keeps them dry and warm under water?",Long guard hair,Long guard hair
The collective noun romp is sometimes used for a group of what?,Otters,Otters
Is it true that otters eat a variety of fish?,yes,Yes.
Are otters playful animals?,yes,Yes.
Are otters very active?,yes,Yes.
Are male otters dog-otters?,yes,No.
An otter 's den is what?,A holt,holt
Sea otters eat what?,Shellfish and other invertebrates,"Shellfish, invertebrates, fish, frogs, crayfish, crabs, small mammals, and birds"
Is the myth of Otter 's Ransom the starting point of the Volsunga saga ?,yes,Yes.
"Are Male otters dog-otters , females are bitches and babies are cubs or pups ?",yes,Yes.
Is an otter 's den called a holt ?,yes,Yes.
"Have most otters fish as the primary item in their diet , supplemented by frogs , crayfish and crabs ?",yes,Yes
Do penguins feed on krill?,yes,Yes.
What is the largest living species of penguin?,Emperor Penguin,Emperor Penguin (Aptenodytes forsteri)
Do penguins live almost exclusively in the Southern Hemisphere?,yes,Yes.
"What is ""tobogganing""?",when penguins slide on their bellies across the snow,No information provided.
Why are penguins countershaded?,for camouflage,Camouflage
Are penguins afraid of humans?,no,No
How much time to penguins spend on land?,half of their life,Not specified.
How many species of penguins are there?,between 17 and 20 living species,17 to 20
How are Isabelline penguins different from most penguins?,they have brown rather than black plumage,They have brown rather than black plumage.
Are penguins birds?,yes,Yes.
Do penguins have a better than average sense of hearing for birds?,yes,Yes.
"Are penguins considered ""higher waterbirds""?",yes,Yes.
What order do penguins belong to?,Sphenisciformes,Sphenisciformes
How tall were the tallest prehistoric penguins?,1.80 meters,6 ft
What makes penguins so agile in the water?,Their wings have become flippers,A layer of air preserved within their smooth plumage ensures buoyancy.
"Why do penguins ""tobaggan""?",It conserves energy while moving quickly,To conserve energy while moving quickly.
Who spend half of their life on land and half in the oceans?,Penguins,Sea otters
What is also the distance that Antarctic tourists are told to keep from penguins?,3 meters,3 meters (9 ft)
"What have become flippers, useless for flight in the air?",Penguins' wings,Wings
What happens when mothers lose a chick?,"They sometimes attempt to ""steal"" another chick.","They sometimes attempt to ""steal"" another mother's chick."
Is it true that each penguin gets a turn in the center?,Yes,Yes.
Are all penguins countershaded?,Yes,Yes.
Are penguins astonishingly agile?,In the water they are.,Yes.
Are penguins at risk?,Yes,Yes.
"Is it also possible that penguin comes from the Latin pinguis , fat ?",Yes,Yes
Have penguins an average sense of hearing for birds ?,Yes,Yes
Can larger penguins dive deep in case of need ?,Yes,Yes.
"Is the smallest penguin species the Little Blue Penguin -LRB- also known as the Fairy Penguin -RRB- , which stands around 40 cm tall -LRB- 16 in -RRB- and weighs 1 kg -LRB- 2.2 lb -RRB- ?",Yes,Yes.
"Is it not even known whether the gigantic palaeeudyptines constitute a monophyletic lineage , or whether gigantism was evolved independently in a much restricted Palaeeudyptinae and the Anthropornithinae ?",It is not even known.,Yes.
Is the largest living species the emperor penguin -LRB- aptenodytes forsteri -RRB-?,Yes,Yes.
"Is the smallest penguin species the little blue penguin -LRB- also known as the fairy penguin -RRB- , which stands around 40 cm tall -LRB- 16 in -RRB- and weighs 1 kg -LRB- 2?",Yes,Yes.
What happened in a region not quite 2000 km south of the equator 35 mya?,At least one giant penguin.,No evidence provided.
What is the last word on the page?,Connecticut,None
Is polar bear a mammal?,Yes,Yes.
Is polar bear a carnivore?,Yes,Yes.
What is largest polar bear on record?,2200 lb,"Male weighing 1,992 kg (4,400 lb)"
What is polar bear's skin color?,white or cream,Black
How long is polar bear's guard hair?,5-15 cm,5-15 cm
What is cause of polar bear's skin diseases?,mites or other parasites,Mites or other parasites
Why polar bear is a special species?,"The World Conservation Union listed polar bears as a vulnerable species, one of three sub-categories of threatened status, in May 2006. Their latest estimate is that 7 out of 19 subpopulations are declining or already severely reduced.","Camouflage, insulation, swimming adaptation"
What do fossil and DNA evidence tell us?,The polar bear diverged from the brown bear about 200 thousand years ago.,"Fossil and DNA evidence tell us that the evolutionary history of penguins is well-researched, representing a showcase of evolutionary biogeography, and the evolution of the living genera is considered resolved. However, the alpha taxonomy of many prehistoric forms still leaves much to be desired, and the ancestry of penguins beyond Waimanu remains unknown and not well resolved by molecular or morphological analyses. Different DNA sequence datasets do not agree in detail with each other either."
Does a polar bear live in the Arctic?,yes,Yes.
Is a polar bear white in color?,yes,Yes.
Is a polar bear at high risk of extinction?,yes,Yes.
How heavy is a male polar bear?,300-600 kg (660-1320 lb),350-600 kg (770-1320 lb)
How heavy was the largest polar bear on record?,1002 kg (2200 lb) ,1002 kg (2200 lb)
What does a polar bear's fur provide?,It provides the animal with effective camouflage.,Camouflage and insulation
Do female polar bears weight more than the male?,no,No.
How much weight do female polar bears gain during pregnancy?,They gain double their weight.,Double their body weight
Can polar bears be seen under infrared photography?,Polar bears are nearly invisible under infrared photography.,Yes.
What is actually black in color?,A polar bear's skin.,True black leopards
What insulate it against the cold?,Its think blubber and fur.,Feathers and fur
What includes a lengthy justification of why this species is listed as vulnerable?,Database entry.,Database entry
What do with greenpeace and the natural resources defense council have in common?,They filed lawsuits in California.,They filed a lawsuit.
Are studies insufficient evidence for global protection?,It is arguable.,Yes.
Are polar bears excellent swimmers?,yes,Yes.
"A semi-aquatic marine mammal , the polar bear has what?","It has adapted for life on a combination of land, sea, and ice.",A 12 cm (5 in) layer of fat
Garbage is what?,"Garbage is now recycled or transported to Thompson, Manitoba.","Recycled or transported to Thompson, Manitoba."
The bears sometimes what?,They sometimes have problems with various skin diseases with dermatitis caused sometimes by mites or other parasites.,Consume hazardous substances
Is the Polar Bear the mascot of Bowdoin college ?,yes,Yes.
Have thumbpolar bears been made both controversial and famous for their distinctive white fur and their habitat ?,yes,Yes.
"Did Mitchell Taylor , the Nunavut Government Manager of Wildlife Research , not write a letter to the U.S. Fish and Wildlife Service arguing that local studies are insufficient evidence for global protection at this time ?",no,No
Are Cubs born in December without awakening the mother ?,yes,Yes.
Does Qatar rank as the eighth richest country in the world per capita?,No.,No.
Do nearly all Qataris profess Islam?,Yes.,Yes
Can women legally drive in Qatar?,Yes.,Yes.
When did Qatar become an independent state?,"September 3, 1971.","September 3, 1971"
Where is Qatar's telecommunication system centered?,Doha.,Doha
Where did a suicide-bombing kill a teacher in 2005?,At the Doha Players Theatre.,Doha Players Theatre
Does the native pronunciation of Qatar sound like 'cutter'?,Yes.,No.
What is the Arabic word for municipalities?,baladiyah.,baladiyah
What universities are in Education City?,"Carnegie Mellon University, Georgetown University School of Foreign Service, Texas A&M University, Virginia Commonwealth University, and Cornell University's Weill Medical College.","Qatar University, Carnegie Mellon University, Georgetown University School of Foreign Service, Texas A&M University, Virginia Commonwealth University, Cornell University's Weill Medical College, Northwestern University, Qatar Science & Technology Park, Qatar Academy, College of the North Atlantic, University of Calgary."
What carried with it a tacit recognition of Qatar's status as distinct from Bahrain?,The British Protectorate (per Colonel Lewis Pelly) asking to negotiate with a representative from Qatar after Bahrain's violation of the 1820 Anglo-Bahraini Treaty.,The request to negotiate with a representative from Qatar.
Qatar became an independent sovereign state in what year?,"On September 3, 1971.",1971
"What consists of a low, barren plain, covered with sand?",Much of the country.,Qatari peninsula
How do qatar and the wider region relate?,Qatar is aiming to become a role model for economic and social transformation in the region. Large scale investment in all social and economic sectors will also lead to the development of a strong financial market.,Influence and transformation
Was Qatar University founded in 1973?,Yes,Yes.
Is Qatar bordered by Saudi Arabia to the south?,Yes,Yes.
What bordered by Saudi?,Qatar,Southwest Asia
Who served as the headquarters and one of the main launching sites of the US invasion of Iraq in 2003 ?,Qatar.,Qatar
Has Qatar a modern Telecommunication system centered in Doha ?,Yes,Yes.
Was Qatar University founded in 1973 ?,Yes,Yes.
"Did the Qataris not choose as their negotiator the respected entrepreneur and long-time resident of Doha , Muhammed bin Thani ?",Yes,No.
Will oil and gas probably remain the backbone of Qatar 's economy for some time to come ?,Yes,Yes.
"Has it been created with a long term perspective to support the development of Qatar and the wider region , develop local and regional markets , and strengthen the links between the energy based economies and global financial markets ?",Yes,Yes.
What happened in these positions in english?,These allophones cannot occur there.,"The wolf's tail is horizontal and straight when it is tensed while hunting. The Romanian people, unlike others, only have the Holy Spirit within their language. They took from the Jewish, Greek, and Serbian languages before having their own Romanian language. Moses' five books and four letters were burned, and his voice was heard by Romanian people. The Palia of Oradea (1581-1582) was written in Bucharest in 1968."
Can these allophones not occur in these positions in english?,yes,No.
"Is -RRB- , officially the state of qatar -LRB- arabic (: : transliterated as dawlat qatar -RRB- , an arab emirate in southwest asia?",Yes,Yes
Does Romania border Hungary?,Yes.,Yes.
Is Romania a secular state?,Yes.,Yes.
Is the president elected by popular vote?,Yes.,No.
How many counties is Romania divided into?,41.,41
What is the highest mountain in Romania?,Moldoveanu Peak.,Moldoveanu Peak
What is the official language of Romania?,Romanian.,Romanian
Is the Romanian economy doing well?,Yes.,Yes.
Are there many Roma in Romania?,No.,Yes.
How many territories joined to form Romania?,2.,Four
Does Romania share a border with Ukraine?,yes,Yes.
Did Romania declare neutrality during World War I?,yes,Yes.
Does Romania share the same language with Moldova?,yes,Yes.
"Who was the first gymnast to score a perfect ""ten""?",Nadia Comăneci,Nadia ComanÄci
What is the largest city in Romania?,Bucharest,Bucharest
What is the largest ethnic minority in Romania?,Hungarians,Hungarians
How many countries in Europe are bigger than Romania?  ,eleven,None
Why doesn't Romania have a state religion?  ,Romania is a secular state,Romania is a secular state.
Why wasn't Romania neutral during World War II?,it received a Soviet ultimatum,Pressure from Moscow and Berlin.
"Sibiu, a large city in Transylvania, was chosen as European Capital of Culture in what year?",2007,2007
"What are approximately 42,000 years old and have been nicknamed`` John of Anina''?",the remains (the lower jaw) of the oldest modern human,The remains of the oldest modern human in Europe.
"Is it true that romania has a population of 21,698,181?",Yes,Yes.
What do economy and law have in common?,(not sure how to answer this),Regulation and governance
What did Tourism in Romania attract in 2005?,investments worth 400 million euros,Investments worth 400 million euros
Is Romania a semi-presidential unitary state?,Yes,Yes.
Is Romania a semi-presidential democratic republic where executive functions are shared between the president and the prime minister ?,Yes,Yes.
Was Gellu Naum the leader of the surrealist movement in Romania ?,Yes,Yes.
Was the Bucharest Metro only opened in 1979 ?,Yes,Yes.
"Is romania -LRB- , -RRB- a country in southeastern europe?",Yes,Yes.
Is romania a semi-presidential unitary state?,Yes,Yes.
Do singaporeans enjoy squid?,"Yes, they do.",Yes.
Did Singapore's standard of living decrease since independence?,"No, the standard living was raised.",No.
Did the media contribute 15.6% to Singapore's GDP in 2001?,"No, it contributed 1.56% to GDP in 2001.",No
How many people use the bus network daily?,More than 2.78 million people.,More than 2.78 million people
Where did Orang Laut people live?,"Orang Laut people lived around the coast, rivers and smaller islands.",South-east part of the river mouth
What is the MRT?,One of three heavy rail passenger transport lines in Singapore.,Mass Rapid Transit (MRT)
How is Singapore's climate characterized?,Singapore has a tropical rainforest climate with no distinctive seasons.,Tropical rainforest climate with high humidity and abundant rainfall.
How much increase in the media's contribution to GDP is the government seeking?,The government seeks to increase its GDP contribution to 3% by 2012. ,3%
How many days did it take the Imperial Japanese Army to win the Battle of Singapore?,Six days,Six days
Is Singapore located at the southern tip of the Korean Penisula?,no,No.
Is Singapore a city-state?,yes,Yes.
Has Sang Nila Utama visited Singapore?,yes,No.
"What does ""singa"" mean?",lion,Lion
When is the first record of S08_settlement in Singapore?,second century AD,Second century AD
Which nation invaded Singapore during World War II?,Japan,Japan
"Why Churchill called the occupation of Singapor by Janpan during WWII ""Britain's greatest defeat""?",The British were defeated in six days,Defeat
Was Lee Kuan Yew a successful leader of Singapore?,yes,Yes.
When did Goh Chok Tong succeed Lee as Prime Minister?,"In 1990, Goh Chok Tong succeeded Lee as Prime Minister.",1990
What is the primary domestic source of water supply?,The primary domestic source of water supply in Singapore is rainfall.,Rainfall collected in reservoirs or catchment areas
What is the national language of Singapore?,The national language of Singapore is Malay.,Malay
Where is the National Orchid Garden?,Singapore Botanic Gardens.,Singapore Botanic Gardens
Why are relations with Malaysia and Indonesia important?,"Due to obvious geographical reasons, relations with Malaysia and Indonesia are most important.",Trade and regional cooperation.
What is the most densely populated independent country in the world?,Monaco,Indonesia
Who did Sir Thomas Stamford Raffles work for?,British East India Company,The British East India Company
When was Lee Kuan Yew prime minister of Singapore?,1959,1959-1990
What is the punishment for first-degree murder?,There are laws which allow capital punishment in Singapore for first-degree murder and drug trafficking.,Capital punishment
What established a trading post on the island in 1819?,British East India Company ,Sir Thomas Stamford Raffles
What used Singapore as a strategic trading post along the spice route?,British,The British East India Company
What became one of the most important commercial and military centres of the British Empire?,Singapore,Quebec
"Who boasted a sizeable community of 100,000 by 1869?",British India office,Canadiens
How do reservoirs and water relate?,"By 2001, there were 19 raw water reservoirs, 9 treatment works and 14 storage or service reservoirs locally to serve domestic needs. ",Reservoirs collect and store water.
Is it true that singapore has several long - standing disputes with malaysia?,Yes,Yes.
Has Singapore Changi Airport a network of 81 airlines connecting Singapore to 185 cities in 58 countries ?,Yes,Yes.
Has Singapore a network of reservoirs and water catchment areas ?,Yes,Yes.
"Has Urbanization eliminated many areas of former primary rainforest , with the only remaining area of primary rainforest being Bukit Timah Nature Reserve ?",Yes,Yes.
"Does the economy not depend heavily on exports refining imported goods , especially in manufacturing ?",No,No.
"Is singapore -LRB- ; (: ; , -RRB- , officially the republic of singapore -LRB- ; (: ; , -RRB- , an island nation located at the southern tip of the malay peninsula?",Yes,Yes
Is singapore the 17th wealthiest country in the world in terms of gdp per capita?,No,Yes
Was Thedore Roosevelt  a member of the Republican Party?,Yes,Yes.
Does Theodore Roosevelt have a brother?,Yes,Yes.
Did Theodore Roosevelt go to Harvard?,Yes,Yes.
Where was Theodore Roosevelt born?,28 East 20th Street in the modern-day Gramercy section of New York City,"28 East 20th Street, New York City"
What did Roosevelt do to improve his physical condition?,Roosevelt took up exercise,He took up exercise and boxing.
Why did Roosevelt start Boxing lessons?,To deal with bullies,To deal with bullies.
What was the nickname of Theodore Roosevelt's sister Anna?,Bamie as a child and Bye as an adult,Bamie
What was Roosevelt's justification for supporting desegregation of schools in New York?,Noting that his children had been educated with other races and there was nothing wrong with it,His children had been educated with other races and there was nothing wrong with it.
How did newspapers respond to Roosevelt inviting Brooker T. Washington to dinner at the White House?,mixing of the races on social occassions,No information provided.
Did Theodore Roosevelt study Judo?,No,No.
Did Roosevelt receive a Medal of Honor?,yes,No.
Did Roosevelt study biology?,yes,Yes.
Where was Theodore Roosevelt from?,Gramercy section of New York City,New York
Who was Roosevelt's presidential hero?,Lincoln was Roosevelt's presidential hero.,William McKinley
When did Roosevelt die?,"On January 6, 1919, Roosevelt died in his sleep.","January 6, 1919"
Who helped to fund Roosevelt's African safari?,Financed by Andrew Carnegie and his own proposed writings,Andrew Carnegie
Did Roosevelt support racial integration in schools?,yes,No.
Was Roosevelt's family rich?,yes,Yes.
Are turtles ectothermic?,Yes,Yes.
Does the mother care for the young?,No,Yes.
Are turtles pets?,Yes,Yes.
What shape are the eggs of the larest species of turtle?,Spherical,Spherical
How often do turtles breed?,Every few years or more,Every few years or more
What do all turtles and tortoises breathe?,air,Air
How do turtles reproduce?,They lay eggs,Egg-laying
What has been discovered about turtles organs?,They do not gradually break down or become less efficient over time,Turtles' organs do not gradually break down or become less efficient over time.
What suborder of turtle draws its head into its shell?,Pleurodira,Pleurodira
Do sea turtles lay eggs on dry sandy beaches?,Yes,Yes.
Are Pleurodira known as side-necked turtles?,Yes,Yes.
Are turtles a part of the Flying Spaghetti Monster?,*shrug*,No.
How many suborders are turtles divided into?,Three.,Three
Name a turtle popularly kept as a pet.,Russian Tortoises,Russian Tortoise
Name four related articles for the article on turtles.,"Triassic, Ernst Haeckel, Kunstformen der Natur, Animal","Turtles of the World: Extensive information on all known turtles, tortoises and terrapins, including key and quiz. A website on all pet turtle species including a guide on caring for your turtles. Encyclopedia of Turtles. T.F.H. Publications."
"If a turtle egg was kept warm, what would likely hatch?",A female turtle.,Female
What do turles use to breathe in the water?,Papillae,Papillae
Why are side-necked turtles called side-necked turtles?,Because of the way they withdraw their heads into their shells.,Because they withdraw their heads into their shells.
Do turtles lay eggs underwater?,No,No.
Are turtle eggs leathery and soft?,Yes,Yes.
Are turtles being examined for longevity genes?,Yes,Yes.
What suborder of turtles is extinct?,Paracryptodira,Paracryptodira
What do turtle eggs preared to eat consist mainly of?,Yolk,Yolk
Where do sea turtles lay their eggs?,Holes Dug into the Mud or Sand,On dry sandy beaches.
What is the smallest suborder of turtles?,Pleurodira,Pleurodira
What are turtle eggs covered in when they incubate?,Mud or Sand,Mud or sand
What type of creatures breathe air and don't lay eggs underwater?,Amniotes,Reptiles and birds
What are deposited in holes dug into mud or sand?,eggs,Water
What sort of turtles are ectothermic?,all of them,Reptiles
Are the largest turtles aquatic?,yes,Yes.
Is aquatic respiration in Australian freshwater turtles being studied?,yes,Yes.
"These projections , called papillae , have what?",a rich blood supply,A rich blood supply
The eggs of the largest species are what?,spherical,Spherical
Has this inspired genetic researchers to begin examining the turtle genome for longevity genes ?,yes,Yes.
Can turtles take many years to reach breeding age ?,yes,Yes.
Are Immature sea turtles not cared for by the adults ?,yes,Yes.
"Are the Pleurodira sometimes known as the side-necked turtles , a reference to the way they withdraw their heads into their shells ?",yes,Yes.
"Does the Order Testudines not include both extant -LRB- living -RRB- and extinct species , the earliest known turtles being from around 215 million years ago ?",yes,No
Was Ulysses Grant a general in the American Civil War?,Yes,Yes.
Was Grant's father-in-law a Democrat?,Yes,Yes.
Did Ulysses win the Battle of Champion Hill?,Yes,Yes.
Who was Grant's brother in law?,Fred Dent,Perkins
Where was Grant born?,"Point Pleasant, Ohio","Point Pleasant, Ohio"
What was Grant's political affiliation?,Republican,Republican
"Why did Grant say ""Damn, I had nothing to do with this batte.""?",It went well.,He was not involved in the battle.
Did Horace Greenley lose in the presidential elections of 1872?,Yes,No.
Why did Grant think that war was unjust?,He thought it was designed to gain land open to slavery.,No context provided.
Who achieved international fame as the leading Union general in the American Civil War?,Grant,Ulysses S. Grant
Grant was elected president as a Republican in what year?,1868,1868
Who took a hard line that reduced violence by groups like the Ku Klux Klan?,Grant,Grant
When did he vote for democrat james buchanan?,1856,1856
"Who did President Lincoln promote of major general in the regular army, effective July 4?",Grant,Ulysses S. Grant
Was Grant elected president as a Republican?,yes,Yes.
What was from Pennsylvania?,His father,Altoona
Was it a two-sentence description that completely caught the essence of Ulysses S. Grant ?,yes,Yes.
Was Grant 's favorite brand of bourbon whiskey Old Crow ?,yes,Yes.
Had he smoked only sporadically ?,yes,No
"Did Grant & Perkins not sell harnesses , saddles , and other leather goods and purchase hides from farmers in the prosperous Galena area ?",they did,No.
Is the famous dragon gate at the entrance to the district at the corner of Grant and Bush Street ?,yes,Yes
What happened in 1865?,he accepted the surrender of Robert E. Lee,Lincoln was assassinated.
What happened in recent years?,his reputation as president has improved,The country is recovering from the last crisis.
Is Uruguay located in the northwesten part of Africa?,No.,No
Is Uruguay's capital Montevideo?,Yes.,Yes.
Does Uruguay have cold summers?,No.,No
Who founded Montevideo?,The Spanish.,The Spanish
Where is Uruguay's oldest church?,"San Carlos, Maldonado.","San Carlos, Maldonado"
Who heavily influenced the architecture and culture of Montevideo?,European immigrants.,European immigrants
What are poor neighborhoods called informally?,Cantegriles.,Cantegriles
Is uruguay's landscape mountainous?,No.,No.
What religion do most Uruguayans profess?,None.,Roman Catholic faith
Is Uruguay located in South America?,Yes. It's located in the southeastern part,Yes
Can citizens propose changes to the Constitution?,Yes. People are allowed to challenge laws.,No.
Did Uruguay host the first ever World Cup?,"Yes, in 1930.",Yes.
How many square kilometres of continental land is Uruguay?,176.215 km�� ,"176,214 square kilometres"
How much of the population is of white European descent?,88%,88%
Why was the capital of Uruguay founded?,For a military stronghold.,As a military stronghold.
How many times has Uruguay won the World Cup?,Twice. ,Two
How much is the average income of an African woman compared to a European man?,African women earns 0.65 * 0.718  = 46.67% of a European man earns in average,Not enough information.
Does Uruguay recognize same-sex civil unions?,Yes,Yes.
Does Uruguay border French Guiana?,No,No
Is Uruguay's warmest month June?,No,No
What does a citizen use to propose changes to the Constitution?,Referendum,Plebiscite
What religions are found in Uruguay?,"Roman Catholic, Protestant, Jewish, and nonprofessing.","Catholic, Protestant, Jewish"
What has Uruguay done to be competitive in agriculture?,"Labeling as ""Natural"" or ""Ecological""",Developed the commercial use of IT technologies and established premium brands.
What are the names of Uruguay's political parties?,Partido Colorado and Partido Blanco,"Partido Colorado, Partido Blanco, Frente Amplio"
Is Uruguay the smallest soverign nation in South America?,No,No
What was founded by the Spanish in the early 18th century as a military stronghold?,Montevideo,Montevideo
What has many possible meanings?,(What?),Language
How do india and latin america relate?,Uruguay exports architectural services to India and Latin America,Trade partners
What did Uruguay win in 1828?,Its independence,Independence
Is Uruguay very common?,No?,No
Is The climate in Uruguay temperate?,Yes,Yes
Is the main sport in Uruguay football ?,Yes,Yes
"Is Uruguay 's oldest church in San Carlos , Maldonado ?",Yes,Yes.
Is Uruguay a member of the Cairns Group of exporters of agricultural products ?,Yes,Yes.
Is it widely considered the most secular nation in Latin America ?,Yes,Yes.
"Is it the second smallest independent country in south america , larger only than suriname and the french overseas department of french guiana?",Yes,Yes
"Is it a constitutional democracy , where the president fulfills the roles of both head of state and head of government?",Yes,No.
Was Woodrow Wilson the thirtieth President of the United States?,no,No.
Did Woodrow Wilson create the League of Nations?,yes,Yes.
Did the U.S. join the League of Nations?,no,No
Where was the League of Nations created?,Paris,"Versailles, France"
When was Woodrow Wilson born?,"December 28, 1856","December 28, 1856"
Who was President when Wilson finished Congressional Government?,Grover Cleveland,William Howard Taft
What field did Woodrow Wilson leave law practice to study?,history and political science,History and political science
What caused Wilson to ask Congress to declare war on the Central Powers?,German began unrestricted submarine warfare,The threat to Western civilization
What was more damaging than moving students into colleges?,His confrontation with Andrew Fleming West,Confrontation with Andrew Fleming West and former President Grover Cleveland
Was Wilson a member of the Phi Kappa Psi fraternity?,yes,Yes.
Was Wilson an automobile enthusiast?,yes,No.
Did Wilson's father own slaves?,yes,Yes.
Where is Wilson buried?,He was buried in Washington National Cathedral,Washington National Cathedral
Where did Wilson attend law school?,Wilson attended law school at University of Virginia,University of Virginia
Where was Woodrow Wilson born?,"Woodrow Wilson was born in Staunton, Virginia","Staunton, Virginia"
Did Wilson support desegregation?,no,No.
Did Wilson support the committee system?,no,No
Did Wilson have any siblings?,yes,No.
What was Scots-Irish and Scottish?,His ancestry,"No, the provided context does not contain information about Scots-Irish and Scottish."
"What defended slavery, owned slaves and S08_set up a Sunday school for them?",His father,No
Who did Wilson win in 1917?,Irish Americans,No information provided.
Was Wilson awarded the 1919 Nobel Peace Prize?,Yes,No.
Was Wilson a remarkably effective writer and thinker?,Yes,Yes.
What lived in Columbia?,Wilson,British settlers
Was Wilson president of the American Political Science Association in 1910 ?,Yes,Yes.
"Did he not cast his ballot for John M. Palmer , the presidential candidate of the National Democratic Party , or Gold Democrats , a short-lived party that supported a gold standard , low tariffs , and limited government ?",Yes,No
Did Wilson not spend 1914 through the beginning of 1917 trying to keep America out of the war in Europe ?,Yes,No
"Was Wilson , a staunch opponent of antisemitism , sympathetic to the plight of Jews , especially in Poland and in France ?",Yes,Yes.
What happened in 1917?,"raised billions through Liberty loans, imposed an income tax, S08_set up the War Industries Board, promoted labor union growth, supervised agriculture and food production through the Lever Act, took over control of the railroads, and suppressed anti-war movements",Wilson announced the break in official relations with Germany.
